---,Code,Attack,MoveSpeed,Hp,Name
Empty,"0","0.000000","0.000000","0.000000","Empty"
Player1,"1","100.000000","450.000000","100.000000","Player1"
Player2,"2","70.000000","500.000000","90.000000","Player2"
Player3,"3","50.000000","600.000000","80.000000","Player3"
